Dir,Flgs,SrcAddr,DstAddr,Sport,Dport,SrcBytes,DstBytes,SrcLoad,DstLoad,SrcGap,DstGap,SIntPkt,DIntPkt,SIntPktAct,DIntPktAct,SrcJitter,DstJitter,sMaxPktSz,dMaxPktSz,sMinPktSz,dMinPktSz,Dur,Trans,TotPkts,TotBytes,Load,Loss,pLoss,pSrcLoss,pDstLoss,Rate,SrcMac,DstMac,Packet_num,Temp,SpO2,Pulse_Rate,SYS,DIA,Heart_rate,Resp_Rate,ST,Label
->, e        ,10.0.1.172,10.0.1.150,58059,1111,496.0,186.0,276914.0,92305.0,0.0,0.0,3.582333,1.9015,0.0,0.0,2.946239,1.6235,310,66,60,60,0.010747,1,7.0,682.0,369219.0,0,0.0,0.0,0.0,558.295,84:3a:4b:0f:5b:94,b8:ca:3a:cf:0b:87,1,28.9,0,0,0,0,0,0,0,0
->, e        ,10.0.1.172,10.0.1.150,58062,1111,496.0,186.0,230984.0,76995.0,0.0,0.0,4.294667,2.9015,0.0,0.0,3.091654,2.8625,310,66,60,60,0.012884,1,7.0,682.0,307979.0,0,0.0,0.0,0.0,465.694,84:3a:4b:0f:5b:94,b8:ca:3a:cf:0b:87,2,28.9,0,0,0,0,78,17,0.40,0
->, e        ,10.0.1.172,10.0.1.150,58065,1111,496.0,186.0,218470.0,72823.0,0.0,0.0,4.540667,3.2945,0.0,0.0,2.849841,3.1655,310,66,60,60,0.013622,1,7.0,682.0,291293.0,0,0.0,0.0,0.0,440.464,84:3a:4b:0f:5b:94,b8:ca:3a:cf:0b:87,3,28.9,89,104,0,0,78,17,0.40,0
->, e        ,10.0.1.172,10.0.1.150,58067,1111,496.0,186.0,203376.0,67792.0,0.0,0.0,4.877667,3.332,0.0,0.0,2.452252,3.257,310,66,60,60,0.014633000000000002,1,7.0,682.0,271168.0,0,0.0,0.0,0.0,410.032,84:3a:4b:0f:5b:94,b8:ca:3a:cf:0b:87,4,28.9,89,104,0,0,79,17,0.40,0
->, e        ,10.0.1.172,10.0.1.150,58069,1111,496.0,186.0,235723.0,78574.0,0.0,0.0,4.2083330000000005,2.8635,0.0,0.0,3.021835,2.8225,310,66,60,60,0.012625,1,7.0,682.0,314297.0,0,0.0,0.0,0.0,475.247,84:3a:4b:0f:5b:94,b8:ca:3a:cf:0b:87,5,28.9,89,101,0,0,79,17,0.40,0
->, e        ,10.0.1.172,10.0.1.150,58074,1111,496.0,186.0,191284.0,63761.0,0.0,0.0,5.186,3.803,0.0,0.0,3.666978,3.797,310,66,60,60,0.015558,1,7.0,682.0,255046.0,0,0.0,0.0,0.0,385.654,84:3a:4b:0f:5b:94,b8:ca:3a:cf:0b:87,6,28.9,91,103,0,0,79,17,0.40,0
