Dir,Flgs,SrcAddr,DstAddr,Sport,Dport,SrcBytes,DstBytes,SrcLoad,DstLoad,SrcGap,DstGap,SIntPkt,DIntPkt,SIntPktAct,DIntPktAct,SrcJitter,DstJitter,sMaxPktSz,dMaxPktSz,sMinPktSz,dMinPktSz,Dur,Trans,TotPkts,TotBytes,Load,Loss,pLoss,pSrcLoss,pDstLoss,Rate,SrcMac,DstMac,Packet_num,Temp,SpO2,Pulse_Rate,SYS,DIA,Heart_rate,Resp_Rate,ST,Label
->, e        ,10.0.1.172,10.0.1.150,58059,1111,496.0,186.0,276914.0,92305.0,0.0,0.0,3.582333,1.9015,0.0,0.0,2.946239,1.6235,310,66,60,60,0.010747,1,7.0,682.0,369219.0,0,0.0,0.0,0.0,558.295,84:3a:4b:0f:5b:94,b8:ca:3a:cf:0b:87,1,28.9,0,0,0,0,0,0,0,0
->, e        ,10.0.1.172,10.0.1.150,58062,1111,496.0,186.0,230984.0,76995.0,0.0,0.0,4.294667,2.9015,0.0,0.0,3.091654,2.8625,310,66,60,60,0.012884,1,7.0,682.0,307979.0,0,0.0,0.0,0.0,465.694,84:3a:4b:0f:5b:94,b8:ca:3a:cf:0b:87,2,28.9,0,0,0,0,78,17,0.40,0
->, eR       ,10.0.1.172,10.0.1.150,53352,1111,496.0,186.0,195867.0,65289.0,0.0,0.0,5.064667,4.31,0.0,0.0,3.661799,4.282,310,66,60,60,0.015194,1,7.0,682.0,261156.0,0,0.0,0.0,0.0,394.893,d8:9e:f3:95:02:75,b8:ca:3a:cf:0b:87,3387,27.1,97,80,145,87,71,24,0.36,1
